# 대체 가능한 재료 (D-040). 형식: 재료,대체 재료,이유. 양방향이다 — 어느 쪽이 냉장고에 있어도 다른 쪽을 대신할 수 있다고 안내한다
# 같은 재료(동의어)는 ingredient-aliases.csv에 둔다. 여기 이름은 서로 다른 재료로 매칭하고, 추천에서는 부족 재료 대신 "대체 가능"으로 알린다
# 알레르기 필터는 이 관계의 이름도 원문에서 찾는다. 양념 목록에 있는 재료의 대체 재료도 양념으로 본다
# 처음 54행은 D-039 검수에서 동의어 사전에서 뺀 부위·손질 상태, 원래 말린 상태로 파는 재료, 조리 중 만드는 것·같은 용도 행이다
달걀지단,달걀,달걀로 부쳐 만드는 고명
쇠고기살코기,소고기,살코기 = 기름 적은 소고기
소불고기,소고기,불고기용 소고기
돼지고기살코기,돼지고기,살코기 = 기름 적은 돼지고기
쪽갈비,등갈비,쪽갈비 = 등갈비를 쪽으로 자른 것
닭고기살,닭고기,뼈 없는 닭고기
닭살,닭고기,뼈 없는 닭고기
닭정육,닭고기,뼈 없는 닭고기
대구살,대구,생선살 = 손질한 생선
가자미살,가자미,생선살 = 손질한 생선
꽁치살,꽁치,생선살 = 손질한 생선
명태포,동태포,명태 살을 포 뜬 것 = 동태포
주먹밥데친꼬막살,꼬막,'주먹밥 데친' 접두어 제거
후춧가루,후추,가정에서 '후추'는 보통 간 후추 = 후춧가루
양송이버섯밑동,양송이버섯,버섯 밑동은 따로 사지 않음
표고버섯기둥,표고버섯,버섯 기둥은 따로 사지 않음
표고버섯밑동,표고버섯,버섯 밑동은 따로 사지 않음
건목이버섯,목이버섯,목이버섯은 보통 말린 것으로 판매
건곤드레,곤드레,곤드레는 보통 말린 것으로 판매
건곤드레나물,곤드레,곤드레는 보통 말린 것으로 판매
건취나물,취나물,말린 취나물
죽순통조림,죽순,죽순은 보통 삶아 통조림·진공포장으로 판매
메밀면,메밀국수,동의어(마스터 '메밀 국수')
소면,국수,마스터 국수 = 소면
중력분,밀가루,중력분 = 일반 밀가루
물전분,전분,조리 중 전분+물로 만드는 것
물녹말,전분,조리 중 전분+물로 만드는 것
전분물,전분,조리 중 전분+물로 만드는 것
녹말물,전분,조리 중 전분+물로 만드는 것
통깨,참깨,통깨 = 볶은 참깨 낟알
깨,참깨,생략형
기름,식용유,원문 '기름 10g'·튀김 기름
튀김기름,식용유,튀김용 식용유
알룰로스가루,알룰로스,알룰로스 가루형
굵은소금,소금,굵은소금 = 천일염
미림,맛술,맛술 = 미림
미향,맛술,맛술 상품명
레몬주스,레몬즙,레시피에서 같은 용도
라임즙,라임주스,레시피에서 같은 용도(마스터 '라임 주스')
포도주스,포도즙,레시피에서 같은 용도
말린오미자,오미자,오미자는 보통 말린 것으로 판매
건두부,포두부,동의어
건미역,미역,미역은 보통 말린 것
마른미역,미역,미역은 보통 말린 것
미역마른것,미역,미역은 보통 말린 것
건조미역,미역,미역은 보통 말린 것
건조자른미역,미역,미역은 보통 말린 것
바질마른것,바질가루,말린 바질
건바질,바질가루,말린 바질
오레가노마른것,오레가노,오레가노는 보통 말린 것으로 판매
오레가노가루,오레가노,오레가노는 보통 말린 것으로 판매
타임마른것,타임,타임은 보통 말린 것으로 판매
건타임,타임,타임은 보통 말린 것으로 판매
통계피,계피,계피 막대 = 계피
